[{"model": "admin.logentry", "pk": 99, "fields": {"action_time": "2022-06-17T22:40:03.817Z", "user": 9, "content_type": 4, "object_id": "1", "object_repr": "admin", "action_flag": 3, "change_message": ""}}, {"model": "admin.logentry", "pk": 100, "fields": {"action_time": "2022-06-17T22:40:03.819Z", "user": 9, "content_type": 4, "object_id": "8", "object_repr": "renitinho", "action_flag": 3, "change_message": ""}}, {"model": "admin.logentry", "pk": 101, "fields": {"action_time": "2022-06-17T22:40:03.820Z", "user": 9, "content_type": 4, "object_id": "7", "object_repr": "renito", "action_flag": 3, "change_message": ""}}, {"model": "admin.logentry", "pk": 102, "fields": {"action_time": "2022-06-18T01:29:45.611Z", "user": 9, "content_type": 16, "object_id": "40", "object_repr": "180944C9E29649E18133A0BDBD676ECD", "action_flag": 2, "change_message": "[{\"changed\": {\"fields\": [\"User profile\"]}}]"}}, {"model": "admin.logentry", "pk": 103, "fields": {"action_time": "2022-06-18T19:22:23.299Z", "user": 9, "content_type": 18, "object_id": "1", "object_repr": "WishList object (1)", "action_flag": 1, "change_message": "[{\"added\": {}}]"}}, {"model": "admin.logentry", "pk": 104, "fields": {"action_time": "2022-06-18T19:22:29.143Z", "user": 9, "content_type": 18, "object_id": "1", "object_repr": "WishList object (1)", "action_flag": 3, "change_message": ""}}, {"model": "admin.logentry", "pk": 105, "fields": {"action_time": "2022-06-18T19:33:19.215Z", "user": 9, "content_type": 18, "object_id": "2", "object_repr": "WishList object (2)", "action_flag": 1, "change_message": "[{\"added\": {}}]"}}, {"model": "admin.logentry", "pk": 106, "fields": {"action_time": "2022-06-19T00:42:35.914Z", "user": 9, "content_type": 16, "object_id": "42", "object_repr": "C5C86DEF1C374C7AB36D9F2A0AD85C86", "action_flag": 3, "change_message": ""}}, {"model": "admin.logentry", "pk": 107, "fields": {"action_time": "2022-06-19T00:42:35.916Z", "user": 9, "content_type": 16, "object_id": "41", "object_repr": "AF27A6A725634A7F953458EF93363DC4", "action_flag": 3, "change_message": ""}}, {"model": "admin.logentry", "pk": 108, "fields": {"action_time": "2022-06-19T00:42:35.917Z", "user": 9, "content_type": 16, "object_id": "40", "object_repr": "180944C9E29649E18133A0BDBD676ECD", "action_flag": 3, "change_message": ""}}, {"model": "admin.logentry", "pk": 109, "fields": {"action_time": "2022-06-19T00:42:35.918Z", "user": 9, "content_type": 16, "object_id": "39", "object_repr": "38E594DA58D94E36AF1D11DADD8B1DFC", "action_flag": 3, "change_message": ""}}, {"model": "admin.logentry", "pk": 110, "fields": {"action_time": "2022-06-19T00:42:35.919Z", "user": 9, "content_type": 16, "object_id": "38", "object_repr": "2CBD16A00F7F4243A7EECE59AB58ABE0", "action_flag": 3, "change_message": ""}}, {"model": "admin.logentry", "pk": 111, "fields": {"action_time": "2022-06-19T00:42:35.920Z", "user": 9, "content_type": 16, "object_id": "37", "object_repr": "B1AFC64186C14C788C05CDAAD19E2D5E", "action_flag": 3, "change_message": ""}}, {"model": "admin.logentry", "pk": 112, "fields": {"action_time": "2022-06-19T00:42:35.921Z", "user": 9, "content_type": 16, "object_id": "36", "object_repr": "57A86E4C06E24AF5A2CFCB70C2B04C18", "action_flag": 3, "change_message": ""}}, {"model": "admin.logentry", "pk": 113, "fields": {"action_time": "2022-06-19T01:33:12.090Z", "user": 9, "content_type": 16, "object_id": "43", "object_repr": "C0D623188FCC49749781214EFBFCF570", "action_flag": 2, "change_message": "[{\"deleted\": {\"name\": \"order feedback\", \"object\": \"OrderFeedback object (None)\"}}, {\"deleted\": {\"name\": \"order feedback\", \"object\": \"OrderFeedback object (None)\"}}, {\"deleted\": {\"name\": \"order feedback\", \"object\": \"OrderFeedback object (None)\"}}, {\"deleted\": {\"name\": \"order feedback\", \"object\": \"OrderFeedback object (None)\"}}, {\"deleted\": {\"name\": \"order feedback\", \"object\": \"OrderFeedback object (None)\"}}, {\"deleted\": {\"name\": \"order feedback\", \"object\": \"OrderFeedback object (None)\"}}, {\"deleted\": {\"name\": \"order feedback\", \"object\": \"OrderFeedback object (None)\"}}, {\"deleted\": {\"name\": \"order feedback\", \"object\": \"OrderFeedback object (None)\"}}, {\"deleted\": {\"name\": \"order feedback\", \"object\": \"OrderFeedback object (None)\"}}]"}}, {"model": "admin.logentry", "pk": 114, "fields": {"action_time": "2022-06-19T02:05:40.784Z", "user": 9, "content_type": 16, "object_id": "43", "object_repr": "C0D623188FCC49749781214EFBFCF570", "action_flag": 2, "change_message": "[{\"deleted\": {\"name\": \"order feedback\", \"object\": \"OrderFeedback object (None)\"}}, {\"deleted\": {\"name\": \"order feedback\", \"object\": \"OrderFeedback object (None)\"}}, {\"deleted\": {\"name\": \"order feedback\", \"object\": \"OrderFeedback object (None)\"}}, {\"deleted\": {\"name\": \"order feedback\", \"object\": \"OrderFeedback object (None)\"}}, {\"deleted\": {\"name\": \"order feedback\", \"object\": \"OrderFeedback object (None)\"}}, {\"deleted\": {\"name\": \"order feedback\", \"object\": \"OrderFeedback object (None)\"}}, {\"deleted\": {\"name\": \"order feedback\", \"object\": \"OrderFeedback object (None)\"}}, {\"deleted\": {\"name\": \"order feedback\", \"object\": \"OrderFeedback object (None)\"}}, {\"deleted\": {\"name\": \"order feedback\", \"object\": \"OrderFeedback object (None)\"}}, {\"deleted\": {\"name\": \"order feedback\", \"object\": \"OrderFeedback object (None)\"}}, {\"deleted\": {\"name\": \"order feedback\", \"object\": \"OrderFeedback object (None)\"}}, {\"deleted\": {\"name\": \"order feedback\", \"object\": \"OrderFeedback object (None)\"}}, {\"deleted\": {\"name\": \"order feedback\", \"object\": \"OrderFeedback object (None)\"}}, {\"deleted\": {\"name\": \"order feedback\", \"object\": \"OrderFeedback object (None)\"}}, {\"deleted\": {\"name\": \"order feedback\", \"object\": \"OrderFeedback object (None)\"}}, {\"deleted\": {\"name\": \"order feedback\", \"object\": \"OrderFeedback object (None)\"}}, {\"deleted\": {\"name\": \"order feedback\", \"object\": \"OrderFeedback object (None)\"}}, {\"deleted\": {\"name\": \"order feedback\", \"object\": \"OrderFeedback object (None)\"}}, {\"deleted\": {\"name\": \"order feedback\", \"object\": \"OrderFeedback object (None)\"}}, {\"deleted\": {\"name\": \"order feedback\", \"object\": \"OrderFeedback object (None)\"}}, {\"deleted\": {\"name\": \"order feedback\", \"object\": \"OrderFeedback object (None)\"}}, {\"deleted\": {\"name\": \"order feedback\", \"object\": \"OrderFeedback object (None)\"}}, {\"deleted\": {\"name\": \"order feedback\", \"object\": \"OrderFeedback object (None)\"}}, {\"deleted\": {\"name\": \"order feedback\", \"object\": \"OrderFeedback object (None)\"}}, {\"deleted\": {\"name\": \"order feedback\", \"object\": \"OrderFeedback object (None)\"}}, {\"deleted\": {\"name\": \"order feedback\", \"object\": \"OrderFeedback object (None)\"}}, {\"deleted\": {\"name\": \"order feedback\", \"object\": \"OrderFeedback object (None)\"}}, {\"deleted\": {\"name\": \"order feedback\", \"object\": \"OrderFeedback object (None)\"}}, {\"deleted\": {\"name\": \"order feedback\", \"object\": \"OrderFeedback object (None)\"}}, {\"deleted\": {\"name\": \"order feedback\", \"object\": \"OrderFeedback object (None)\"}}]"}}, {"model": "admin.logentry", "pk": 115, "fields": {"action_time": "2022-06-19T02:13:43.649Z", "user": 9, "content_type": 16, "object_id": "43", "object_repr": "C0D623188FCC49749781214EFBFCF570", "action_flag": 3, "change_message": ""}}, {"model": "admin.logentry", "pk": 116, "fields": {"action_time": "2022-06-19T02:13:56.823Z", "user": 9, "content_type": 16, "object_id": "44", "object_repr": "A63CB5D2873A45F9A25572F58F60126E", "action_flag": 2, "change_message": "[{\"deleted\": {\"name\": \"order feedback\", \"object\": \"OrderFeedback object (None)\"}}, {\"deleted\": {\"name\": \"order feedback\", \"object\": \"OrderFeedback object (None)\"}}, {\"deleted\": {\"name\": \"order feedback\", \"object\": \"OrderFeedback object (None)\"}}, {\"deleted\": {\"name\": \"order feedback\", \"object\": \"OrderFeedback object (None)\"}}]"}}, {"model": "admin.logentry", "pk": 117, "fields": {"action_time": "2022-06-19T02:14:57.355Z", "user": 9, "content_type": 16, "object_id": "44", "object_repr": "A63CB5D2873A45F9A25572F58F60126E", "action_flag": 2, "change_message": "[{\"deleted\": {\"name\": \"order feedback\", \"object\": \"OrderFeedback object (None)\"}}, {\"deleted\": {\"name\": \"order feedback\", \"object\": \"OrderFeedback object (None)\"}}, {\"deleted\": {\"name\": \"order feedback\", \"object\": \"OrderFeedback object (None)\"}}]"}}, {"model": "admin.logentry", "pk": 118, "fields": {"action_time": "2022-06-19T02:16:11.418Z", "user": 9, "content_type": 16, "object_id": "44", "object_repr": "A63CB5D2873A45F9A25572F58F60126E", "action_flag": 2, "change_message": "[{\"deleted\": {\"name\": \"order feedback\", \"object\": \"OrderFeedback object (None)\"}}, {\"deleted\": {\"name\": \"order feedback\", \"object\": \"OrderFeedback object (None)\"}}]"}}, {"model": "admin.logentry", "pk": 119, "fields": {"action_time": "2022-06-19T02:22:02.776Z", "user": 9, "content_type": 16, "object_id": "44", "object_repr": "A63CB5D2873A45F9A25572F58F60126E", "action_flag": 2, "change_message": "[{\"deleted\": {\"name\": \"order feedback\", \"object\": \"OrderFeedback object (None)\"}}, {\"deleted\": {\"name\": \"order feedback\", \"object\": \"OrderFeedback object (None)\"}}, {\"deleted\": {\"name\": \"order feedback\", \"object\": \"OrderFeedback object (None)\"}}, {\"deleted\": {\"name\": \"order feedback\", \"object\": \"OrderFeedback object (None)\"}}]"}}, {"model": "admin.logentry", "pk": 120, "fields": {"action_time": "2022-06-19T02:39:50.765Z", "user": 9, "content_type": 16, "object_id": "44", "object_repr": "A63CB5D2873A45F9A25572F58F60126E", "action_flag": 3, "change_message": ""}}, {"model": "admin.logentry", "pk": 121, "fields": {"action_time": "2022-06-19T02:39:56.620Z", "user": 9, "content_type": 16, "object_id": "45", "object_repr": "39EB7AF0ABDD487EADB1671D537ADB0C", "action_flag": 2, "change_message": "[{\"deleted\": {\"name\": \"order feedback\", \"object\": \"OrderFeedback object (None)\"}}]"}}, {"model": "admin.logentry", "pk": 122, "fields": {"action_time": "2022-06-19T03:07:58.504Z", "user": 9, "content_type": 16, "object_id": "45", "object_repr": "39EB7AF0ABDD487EADB1671D537ADB0C", "action_flag": 2, "change_message": "[{\"deleted\": {\"name\": \"order feedback\", \"object\": \"OrderFeedback object (None)\"}}, {\"deleted\": {\"name\": \"order feedback\", \"object\": \"OrderFeedback object (None)\"}}, {\"deleted\": {\"name\": \"order feedback\", \"object\": \"OrderFeedback object (None)\"}}, {\"deleted\": {\"name\": \"order feedback\", \"object\": \"OrderFeedback object (None)\"}}]"}}, {"model": "admin.logentry", "pk": 123, "fields": {"action_time": "2022-06-22T21:57:47.215Z", "user": 9, "content_type": 16, "object_id": "45", "object_repr": "39EB7AF0ABDD487EADB1671D537ADB0C", "action_flag": 3, "change_message": ""}}, {"model": "admin.logentry", "pk": 124, "fields": {"action_time": "2022-06-22T21:58:52.493Z", "user": 9, "content_type": 16, "object_id": "47", "object_repr": "89E96ABA13DB4A2BA97C34AD3CAA6D01", "action_flag": 2, "change_message": "[{\"deleted\": {\"name\": \"order feedback\", \"object\": \"OrderFeedback object (None)\"}}]"}}, {"model": "admin.logentry", "pk": 125, "fields": {"action_time": "2022-06-22T21:58:58.015Z", "user": 9, "content_type": 16, "object_id": "46", "object_repr": "6E5275EDBE1F45549452C906DB4D5C47", "action_flag": 2, "change_message": "[{\"deleted\": {\"name\": \"order feedback\", \"object\": \"OrderFeedback object (None)\"}}]"}}, {"model": "admin.logentry", "pk": 126, "fields": {"action_time": "2022-06-22T21:59:19.670Z", "user": 9, "content_type": 16, "object_id": "46", "object_repr": "6E5275EDBE1F45549452C906DB4D5C47", "action_flag": 2, "change_message": "[{\"deleted\": {\"name\": \"order feedback\", \"object\": \"OrderFeedback object (None)\"}}, {\"deleted\": {\"name\": \"order feedback\", \"object\": \"OrderFeedback object (None)\"}}, {\"deleted\": {\"name\": \"order feedback\", \"object\": \"OrderFeedback object (None)\"}}, {\"deleted\": {\"name\": \"order feedback\", \"object\": \"OrderFeedback object (None)\"}}, {\"deleted\": {\"name\": \"order feedback\", \"object\": \"OrderFeedback object (None)\"}}, {\"deleted\": {\"name\": \"order feedback\", \"object\": \"OrderFeedback object (None)\"}}, {\"deleted\": {\"name\": \"order feedback\", \"object\": \"OrderFeedback object (None)\"}}, {\"deleted\": {\"name\": \"order feedback\", \"object\": \"OrderFeedback object (None)\"}}, {\"deleted\": {\"name\": \"order feedback\", \"object\": \"OrderFeedback object (None)\"}}, {\"deleted\": {\"name\": \"order feedback\", \"object\": \"OrderFeedback object (None)\"}}, {\"deleted\": {\"name\": \"order feedback\", \"object\": \"OrderFeedback object (None)\"}}, {\"deleted\": {\"name\": \"order feedback\", \"object\": \"OrderFeedback object (None)\"}}, {\"deleted\": {\"name\": \"order feedback\", \"object\": \"OrderFeedback object (None)\"}}, {\"deleted\": {\"name\": \"order feedback\", \"object\": \"OrderFeedback object (None)\"}}]"}}, {"model": "admin.logentry", "pk": 127, "fields": {"action_time": "2022-06-22T21:59:24.540Z", "user": 9, "content_type": 16, "object_id": "46", "object_repr": "6E5275EDBE1F45549452C906DB4D5C47", "action_flag": 2, "change_message": "[{\"deleted\": {\"name\": \"order feedback\", \"object\": \"OrderFeedback object (None)\"}}]"}}, {"model": "admin.logentry", "pk": 128, "fields": {"action_time": "2022-06-22T21:59:37.870Z", "user": 9, "content_type": 16, "object_id": "47", "object_repr": "89E96ABA13DB4A2BA97C34AD3CAA6D01", "action_flag": 2, "change_message": "[{\"deleted\": {\"name\": \"order feedback\", \"object\": \"OrderFeedback object (None)\"}}, {\"deleted\": {\"name\": \"order feedback\", \"object\": \"OrderFeedback object (None)\"}}, {\"deleted\": {\"name\": \"order feedback\", \"object\": \"OrderFeedback object (None)\"}}]"}}, {"model": "admin.logentry", "pk": 129, "fields": {"action_time": "2022-06-22T21:59:47.100Z", "user": 9, "content_type": 16, "object_id": "48", "object_repr": "2E09A4D208B24147A71BAA188B9D08C8", "action_flag": 2, "change_message": "[{\"deleted\": {\"name\": \"order feedback\", \"object\": \"OrderFeedback object (None)\"}}, {\"deleted\": {\"name\": \"order feedback\", \"object\": \"OrderFeedback object (None)\"}}, {\"deleted\": {\"name\": \"order feedback\", \"object\": \"OrderFeedback object (None)\"}}, {\"deleted\": {\"name\": \"order feedback\", \"object\": \"OrderFeedback object (None)\"}}, {\"deleted\": {\"name\": \"order feedback\", \"object\": \"OrderFeedback object (None)\"}}, {\"deleted\": {\"name\": \"order feedback\", \"object\": \"OrderFeedback object (None)\"}}, {\"deleted\": {\"name\": \"order feedback\", \"object\": \"OrderFeedback object (None)\"}}]"}}, {"model": "admin.logentry", "pk": 130, "fields": {"action_time": "2022-06-22T23:04:16.836Z", "user": 9, "content_type": 16, "object_id": "46", "object_repr": "6E5275EDBE1F45549452C906DB4D5C47", "action_flag": 2, "change_message": "[{\"changed\": {\"fields\": [\"Exist feedback\"]}}]"}}, {"model": "admin.logentry", "pk": 131, "fields": {"action_time": "2022-06-22T23:04:20.361Z", "user": 9, "content_type": 16, "object_id": "47", "object_repr": "89E96ABA13DB4A2BA97C34AD3CAA6D01", "action_flag": 2, "change_message": "[{\"changed\": {\"fields\": [\"Exist feedback\"]}}]"}}, {"model": "admin.logentry", "pk": 132, "fields": {"action_time": "2022-06-22T23:09:20.559Z", "user": 9, "content_type": 16, "object_id": "46", "object_repr": "6E5275EDBE1F45549452C906DB4D5C47", "action_flag": 2, "change_message": "[{\"changed\": {\"fields\": [\"Exist feedback\"]}}]"}}, {"model": "admin.logentry", "pk": 133, "fields": {"action_time": "2022-06-22T23:29:33.193Z", "user": 9, "content_type": 16, "object_id": "47", "object_repr": "89E96ABA13DB4A2BA97C34AD3CAA6D01", "action_flag": 2, "change_message": "[{\"deleted\": {\"name\": \"order feedback\", \"object\": \"OrderFeedback object (None)\"}}, {\"deleted\": {\"name\": \"order feedback\", \"object\": \"OrderFeedback object (None)\"}}, {\"deleted\": {\"name\": \"order feedback\", \"object\": \"OrderFeedback object (None)\"}}, {\"deleted\": {\"name\": \"order feedback\", \"object\": \"OrderFeedback object (None)\"}}]"}}, {"model": "admin.logentry", "pk": 134, "fields": {"action_time": "2022-06-22T23:29:41.422Z", "user": 9, "content_type": 16, "object_id": "46", "object_repr": "6E5275EDBE1F45549452C906DB4D5C47", "action_flag": 2, "change_message": "[{\"deleted\": {\"name\": \"order feedback\", \"object\": \"OrderFeedback object (None)\"}}, {\"deleted\": {\"name\": \"order feedback\", \"object\": \"OrderFeedback object (None)\"}}, {\"deleted\": {\"name\": \"order feedback\", \"object\": \"OrderFeedback object (None)\"}}, {\"deleted\": {\"name\": \"order feedback\", \"object\": \"OrderFeedback object (None)\"}}, {\"deleted\": {\"name\": \"order feedback\", \"object\": \"OrderFeedback object (None)\"}}]"}}, {"model": "admin.logentry", "pk": 135, "fields": {"action_time": "2022-06-22T23:32:21.136Z", "user": 9, "content_type": 16, "object_id": "47", "object_repr": "89E96ABA13DB4A2BA97C34AD3CAA6D01", "action_flag": 2, "change_message": "[]"}}, {"model": "admin.logentry", "pk": 136, "fields": {"action_time": "2022-06-22T23:32:26.465Z", "user": 9, "content_type": 16, "object_id": "46", "object_repr": "6E5275EDBE1F45549452C906DB4D5C47", "action_flag": 2, "change_message": "[{\"changed\": {\"fields\": [\"Exist feedback\"]}}]"}}, {"model": "admin.logentry", "pk": 137, "fields": {"action_time": "2022-06-22T23:32:39.401Z", "user": 9, "content_type": 16, "object_id": "47", "object_repr": "89E96ABA13DB4A2BA97C34AD3CAA6D01", "action_flag": 2, "change_message": "[{\"changed\": {\"fields\": [\"Exist feedback\"]}}]"}}, {"model": "admin.logentry", "pk": 138, "fields": {"action_time": "2022-06-22T23:36:51.175Z", "user": 9, "content_type": 16, "object_id": "47", "object_repr": "89E96ABA13DB4A2BA97C34AD3CAA6D01", "action_flag": 2, "change_message": "[{\"changed\": {\"fields\": [\"Exist feedback\"]}}, {\"deleted\": {\"name\": \"order feedback\", \"object\": \"FEEDBACK NEGATIVE on order 89E96ABA13DB4A2BA97C34AD3CAA6D01\"}}]"}}, {"model": "auth.user", "pk": 9, "fields": {"password": "pbkdf2_sha256$260000$lSMRQCeaYxfhgDFH0XOwas$9MZ3EfjEGOP1beabADaL9fG3vFOSgA4cetkKOexR9zA=", "last_login": "2022-06-26T23:04:52.639Z", "is_superuser": true, "username": "Organics", "first_name": "", "last_name": "", "email": "", "is_staff": true, "is_active": true, "date_joined": "2022-06-17T22:38:59.903Z", "groups": [], "user_permissions": []}}, {"model": "auth.user", "pk": 10, "fields": {"password": "pbkdf2_sha256$260000$7wAEwGAuwR3unQk0nHpeqB$KvlrJ6kvpJC/FJjSI6K4BZm44HchDoMNp79nqdr8Qds=", "last_login": "2022-06-26T17:36:52.606Z", "is_superuser": false, "username": "arthur", "first_name": "", "last_name": "", "email": "arthurvguide12@gmail.com", "is_staff": false, "is_active": true, "date_joined": "2022-06-17T22:46:44.474Z", "groups": [], "user_permissions": []}}, {"model": "sessions.session", "pk": "01vu8b34i0kzoby9gxdeqzqzgxr8qx6g", "fields": {"session_data": "eyJhY2NvdW50X3ZlcmlmaWVkX2VtYWlsIjpudWxsLCJhY2NvdW50X3VzZXIiOiI4In0:1nt49j:Razs019V8oSRxyqm2D_IhaQsJcoJAbKHWA3GHh4X8v8", "expire_date": "2022-06-06T09:15:15.808Z"}}, {"model": "sessions.session", "pk": "0w0k8h0rhxzik192a3zsz8zcl57b83mp", "fields": {"session_data": ".eJxVjDsOwjAQBe_iGlne2Iu9lPQ5g7XrDwmgWMqnQtwdIqWA9s3Me6nI2zrEbSlzHLO6KFCn3004Pcq0g3zn6dZ0atM6j6J3RR900X3L5Xk93L-DgZfhWxsgQO6AMYdqLWGikhx3VLF6I2dxCSgYzkG84UAgllz2AoiARjr1_gDQDzc5:1nuzIu:ucXRZBIlcNT6XxJBg0tv_ycbjYeAP3JQEP0Uw4QEs2E", "expire_date": "2022-06-11T16:28:40.718Z"}}, {"model": "sessions.session", "pk": "3b9vw17zqxbaytox5tn9q0my50mmsk7u", "fields": {"session_data": "eyJiYWciOnsiNCI6MSwiOCI6MX0sIl9zZXNzaW9uX2V4cGlyeSI6MH0:1o0kx8:L_4-mott3mv2IHDLOUnxNML3jujYAOn0zGHPKDMsBqY", "expire_date": "2022-06-27T14:22:02.590Z"}}, {"model": "sessions.session", "pk": "ezjc4r4zw9vldyosndxqfyp9t0wlpzph", "fields": {"session_data": ".eJxVjMEOgyAQRP9lzw0pCIIee_cbyMIu1dZAItpL03-vJl48zGXem_lCxQ_7KacCfcK58g08buvot8qLnwh66ODSBYxvzgegF-ZnEbHkdZmCOBRx0iqGQjw_TvdyMGId93VjnKW7UloHYw1JG1LkTkqb0KlWSmKjkRxhu4s2Nk7t6WJsE7uIRsPvD11uPi0:1o4hMW:u1-q7LlOpTF-qsfjbeHCCf7R7cL_wFEHhsBVJAIf1X8", "expire_date": "2022-07-08T11:20:32.496Z"}}, {"model": "sessions.session", "pk": "gft0lynvkzm04uyminwd0vb776st2nzv", "fields": {"session_data": "eyJfcGFzc3dvcmRfcmVzZXRfa2V5IjoiYjV1YnhwLWMwYzI0MGY5ODU5Mzg1MjIzNGRmOWJjNGY3MjQzODE2In0:1nsrQS:YisvYJE2SVX4GUT22h2pDOZ5Mf1GvJjfy3UD57hvE4I", "expire_date": "2022-06-05T19:39:40.256Z"}}, {"model": "sessions.session", "pk": "iw2yv6h5h9w77vergmr7np4lci2n9r8n", "fields": {"session_data": "eyJiYWciOnsiNSI6NSwiOSI6NX19:1o0uGy:BTq5Kg4ENTI0AESgNsQNpbitD2t63erx1Jdc5yifGOY", "expire_date": "2022-06-28T00:19:08.711Z"}}, {"model": "sessions.session", "pk": "k31qb65mc41hubtl0djwc92snnc2nj16", "fields": {"session_data": ".eJxVjEEOgjAQRe_StSEdoNKydO8Zmpl2KlXSGgpGY7y7kLBh-9_77yts4VJiTpbfzzh9RC9PwuIyD3YpPNnoRS9AHDZC9-C0AX_HdMuVy2meIlWbUu20VNfsebzs7iEwYBnWtwQDCmtA5XVoGqOcYddibYIKnaQztQ6Mlug1dRK1AWpM6zsCpUBJqtdowRfbmEIWfcCx8O8PlaFE5Q:1o1lvM:xDPQoLS_i1UGwc-xvns41sakNMpiSwGf3E4T1-qv4Wk", "expire_date": "2022-06-30T09:36:24.067Z"}}, {"model": "sessions.session", "pk": "kny9of81n1d8s5ktx60xwnr0bsmaqnlo", "fields": {"session_data": ".eJxVjEEOwiAQRe_C2hCgUIpL956BzMCMVA0kpV0Z765NutDtf-_9l4iwrSVunZY4Z3EWQZx-N4T0oLqDfId6azK1ui4zyl2RB-3y2jI9L4f7d1Cgl2_NQA5DsgoHr3TgnINDyFPAEdkSBTeSt8lZaxCMZc2MSfNk2A3gUYn3BxRNOQA:1o5bJE:fGKhYkAbtXN0IgAll8SPDdbYHT92i_Ea_IxI6c8lwjU", "expire_date": "2022-07-10T23:04:52.643Z"}}, {"model": "sessions.session", "pk": "topdkaqb6msikcq1bo8tctmzxm4lxfz3", "fields": {"session_data": "eyJfc2Vzc2lvbl9leHBpcnkiOjB9:1o2KYU:7sD7HzvoLUiq926iXhX8QfsiARRnzDt9lfiNCS31xqY", "expire_date": "2022-07-01T22:35:06.078Z"}}, {"model": "sessions.session", "pk": "uqrpozm2800jsiee5r6xandzaqgmtyjm", "fields": {"session_data": "e30:1o2Kcv:_SZd76iArax5iI51D9u5EZxqpOLDi1aajVlyFFgAifI", "expire_date": "2022-07-01T22:39:41.815Z"}}, {"model": "sessions.session", "pk": "ykoi09v2ufmnkxqrd698k3ygp4sfy7bp", "fields": {"session_data": ".eJxVjEEOwiAQRe_CumkoLUG6dO8ZyMwwWNSAgdZojHc3JF3o9r_331s42NbFbZWLi17MYpCi-x0R6MqpEX-BdM495bSWiH1T-p3W_pQ93467-xdYoC7tHchOAZUZ7EhaAxozefREYJVCbxA0yqBBj6CUkShJjcHKcGAeJRG3aOVaY06On_dYXmKWnajwYBdTyGJey8afL26sRpw:1o3ICe:poXwj32ZyV52q_5b9DyoflgLhgFLVGcbA5XI_m20d0s", "expire_date": "2022-07-04T14:16:32.463Z"}}, {"model": "sites.site", "pk": 1, "fields": {"domain": "cheltenham-organics.com", "name": "Cheltenham Organics"}}, {"model": "account.emailaddress", "pk": 8, "fields": {"user": 10, "email": "arthurvguide12@gmail.com", "verified": true, "primary": true}}, {"model": "products.category", "pk": 1, "fields": {"name": "Fruits"}}, {"model": "products.category", "pk": 2, "fields": {"name": "Vegetables"}}, {"model": "products.category", "pk": 3, "fields": {"name": "Herbs"}}, {"model": "products.product", "pk": 3, "fields": {"category": 1, "name": "Apple", "description": "5 units - Fresh Organic Apples", "created": "2022-06-11T18:17:32.816Z", "updated": "2022-06-11T18:17:32.821Z", "price": "3.00", "rating": "4.50", "image_url": null, "image": "apple.jpg"}}, {"model": "products.product", "pk": 4, "fields": {"category": 1, "name": "Blueberry", "description": "500g - Organic Blueberries", "created": "2022-06-11T18:17:32.816Z", "updated": "2022-06-11T18:17:32.821Z", "price": "3.50", "rating": null, "image_url": null, "image": "blueberry.jpg"}}, {"model": "products.product", "pk": 5, "fields": {"category": 1, "name": "Lemon", "description": "5 units - Fresh Organic Lemons", "created": "2022-06-11T18:17:32.816Z", "updated": "2022-06-11T18:17:32.821Z", "price": "5.00", "rating": "5.00", "image_url": null, "image": "lemon.jpg"}}, {"model": "products.product", "pk": 6, "fields": {"category": 1, "name": "Orange", "description": "5 units - Fresh Organic Oranges", "created": "2022-06-11T18:17:32.816Z", "updated": "2022-06-11T18:17:32.821Z", "price": "5.00", "rating": null, "image_url": null, "image": "orange.jpg"}}, {"model": "products.product", "pk": 7, "fields": {"category": 1, "name": "Papay", "description": "2 medium-size - Fresh Organic Papay", "created": "2022-06-11T18:17:32.816Z", "updated": "2022-06-11T18:17:32.821Z", "price": "4.00", "rating": "5.00", "image_url": null, "image": "papay.jpg"}}, {"model": "products.product", "pk": 8, "fields": {"category": 1, "name": "Pear", "description": "5 units - Fresh Organics Pears", "created": "2022-06-11T18:17:32.816Z", "updated": "2022-06-11T18:17:32.821Z", "price": "3.00", "rating": null, "image_url": null, "image": "pear_RI2KWMo.jpg"}}, {"model": "products.product", "pk": 9, "fields": {"category": 1, "name": "Pineaple", "description": "1 large size - Fresh Organic Pineapple", "created": "2022-06-11T18:17:32.816Z", "updated": "2022-06-11T18:17:32.821Z", "price": "2.50", "rating": null, "image_url": null, "image": "pineapple.jpg"}}, {"model": "products.product", "pk": 10, "fields": {"category": 1, "name": "Strawberry", "description": "600g - Fresh Organic Strawberries", "created": "2022-06-11T18:17:32.816Z", "updated": "2022-06-11T18:17:32.821Z", "price": "4.00", "rating": "5.00", "image_url": null, "image": "strawberry.jpg"}}, {"model": "products.product", "pk": 11, "fields": {"category": 2, "name": "Broccoli", "description": "1 Large - Fresh Organic Broccoli", "created": "2022-06-11T18:17:32.816Z", "updated": "2022-06-11T18:17:32.821Z", "price": "2.00", "rating": "5.00", "image_url": null, "image": "broccoli.jpg"}}, {"model": "products.product", "pk": 12, "fields": {"category": 2, "name": "Carrot", "description": "600g - Fresh Organic Carrots", "created": "2022-06-11T18:17:32.816Z", "updated": "2022-06-11T18:17:32.821Z", "price": "2.00", "rating": null, "image_url": null, "image": "carrot_1.jpg"}}, {"model": "products.product", "pk": 13, "fields": {"category": 2, "name": "Cucumber", "description": "1 medium - Fresh Organic Cucumber", "created": "2022-06-11T18:17:32.816Z", "updated": "2022-06-11T18:17:32.821Z", "price": "1.50", "rating": "4.80", "image_url": null, "image": "cucumber.jpg"}}, {"model": "products.product", "pk": 14, "fields": {"category": 2, "name": "Courgette", "description": "1 Large - Fresh Organic Courgette", "created": "2022-06-11T18:17:32.816Z", "updated": "2022-06-11T18:17:32.821Z", "price": "2.00", "rating": "4.70", "image_url": null, "image": "courgettes.jpg"}}, {"model": "products.product", "pk": 15, "fields": {"category": 2, "name": "Tomato", "description": "5 units - Fresh Organic Tomatoes", "created": "2022-06-11T18:17:32.816Z", "updated": "2022-06-11T18:17:32.821Z", "price": "4.00", "rating": "5.00", "image_url": null, "image": "tomato.jpg"}}, {"model": "products.product", "pk": 16, "fields": {"category": 2, "name": "Eggplant", "description": "3 units - Fresh Organic Eggplant", "created": "2022-06-11T18:17:32.816Z", "updated": "2022-06-11T18:17:32.821Z", "price": "4.00", "rating": null, "image_url": null, "image": "eggplant.jpg"}}, {"model": "products.product", "pk": 17, "fields": {"category": 2, "name": "Potato", "description": "1kg - Fresh Organic Potatoes", "created": "2022-06-11T18:17:32.816Z", "updated": "2022-06-11T18:17:32.821Z", "price": "5.00", "rating": "5.00", "image_url": null, "image": "potato.jpg"}}, {"model": "products.product", "pk": 18, "fields": {"category": 2, "name": "Pumpkin", "description": "1 Large - Fresh Organic Pumpkin", "created": "2022-06-11T18:17:32.816Z", "updated": "2022-06-11T18:17:32.821Z", "price": "2.00", "rating": "4.30", "image_url": null, "image": "pumpkin.jpg"}}, {"model": "products.product", "pk": 19, "fields": {"category": 2, "name": "Anchovy", "description": "1 Large - Fresh Organic Anchovy", "created": "2022-06-11T18:17:32.816Z", "updated": "2022-06-11T18:17:32.821Z", "price": "2.00", "rating": null, "image_url": null, "image": "anchovy.jpg"}}, {"model": "products.product", "pk": 20, "fields": {"category": 2, "name": "Green Beans", "description": "600g - Fresh Organics Green Beans", "created": "2022-06-11T18:17:32.816Z", "updated": "2022-06-11T18:17:32.821Z", "price": "3.00", "rating": null, "image_url": null, "image": "green_beans.jpg"}}, {"model": "products.product", "pk": 21, "fields": {"category": 3, "name": "Coriander", "description": "500g - Fresh Coriander", "created": "2022-06-11T18:17:32.816Z", "updated": "2022-06-11T18:17:32.821Z", "price": "1.50", "rating": null, "image_url": null, "image": "coriander.jpg"}}, {"model": "products.product", "pk": 22, "fields": {"category": 3, "name": "Green Onion", "description": "100g - Fresh Green Onion", "created": "2022-06-11T18:17:32.816Z", "updated": "2022-06-11T18:17:32.821Z", "price": "2.00", "rating": "5.00", "image_url": null, "image": "green_onion.jpg"}}, {"model": "products.product", "pk": 23, "fields": {"category": 3, "name": "Oregano", "description": "10g - Organic Oregano", "created": "2022-06-11T18:17:32.816Z", "updated": "2022-06-11T18:17:32.821Z", "price": "1.00", "rating": null, "image_url": null, "image": "oregano.jpg"}}, {"model": "products.product", "pk": 24, "fields": {"category": 3, "name": "Rosemary", "description": "100g - Fresh Organic Rosemary", "created": "2022-06-11T18:17:32.816Z", "updated": "2022-06-11T18:18:38.476Z", "price": "4.50", "rating": null, "image_url": null, "image": "rosemary.jpg"}}, {"model": "products.product", "pk": 25, "fields": {"category": 3, "name": "Parsley", "description": "100g - Fresh Organic Parsley", "created": "2022-06-11T18:17:32.816Z", "updated": "2022-06-11T18:17:32.821Z", "price": "1.00", "rating": "4.80", "image_url": null, "image": "parsley.jpg"}}, {"model": "products.product", "pk": 26, "fields": {"category": null, "name": "Thyme", "description": "100g - Fresh Organic Thyme", "created": "2022-06-11T18:17:32.816Z", "updated": "2022-06-11T18:20:02.486Z", "price": "5.50", "rating": null, "image_url": null, "image": "thyme.jpg"}}, {"model": "products.product", "pk": 27, "fields": {"category": 3, "name": "Bay leave", "description": "100g - Fresh Organic Bay leaves", "created": "2022-06-11T18:17:32.816Z", "updated": "2022-06-11T18:18:44.337Z", "price": "2.50", "rating": null, "image_url": null, "image": "bay_leave.jpg"}}, {"model": "checkout.order", "pk": 46, "fields": {"user_profile": 1, "order_number": "6E5275EDBE1F45549452C906DB4D5C47", "full_name": "Jose Renito Guide", "email": "renitoguide@outlook.com", "phone_number": "+447397338032", "country": "AX", "postcode": "1150-281", "town_or_city": "Lisboa", "street_address1": "Basement Flat, 103 London Road", "street_address2": "103 London Road", "county": "Gloucestershire", "created": "2022-06-19T02:40:25.685Z", "delivery_fee": "2.00", "order_total": "3.00", "final_total": "5.00", "original_bag": "{\"23\": 3}", "stripe_pid": "pi_3LCE3fCGDjLkp4zQ1tPS7MlP", "exist_feedback": true}}, {"model": "checkout.order", "pk": 47, "fields": {"user_profile": 1, "order_number": "89E96ABA13DB4A2BA97C34AD3CAA6D01", "full_name": "Jose Renito Guide", "email": "renitoguide@outlook.com", "phone_number": "+447397338032", "country": "AX", "postcode": "1150-281", "town_or_city": "Lisboa", "street_address1": "Basement Flat, 103 London Road", "street_address2": "103 London Road", "county": "Gloucestershire", "created": "2022-06-19T03:08:39.392Z", "delivery_fee": "2.00", "order_total": "8.50", "final_total": "10.50", "original_bag": "{\"5\": 1, \"4\": 1}", "stripe_pid": "pi_3LCEUzCGDjLkp4zQ03qqjLjU", "exist_feedback": true}}, {"model": "checkout.order", "pk": 48, "fields": {"user_profile": 2, "order_number": "2E09A4D208B24147A71BAA188B9D08C8", "full_name": "Jose Renito Guide", "email": "renitoguide@outlook.com", "phone_number": "+447397338032", "country": "AG", "postcode": "1150-281", "town_or_city": "Lisboa", "street_address1": "Basement Flat, 103 London Road", "street_address2": null, "county": null, "created": "2022-06-20T14:16:32.391Z", "delivery_fee": "2.00", "order_total": "6.50", "final_total": "8.50", "original_bag": "{\"8\": 1, \"4\": 1}", "stripe_pid": "pi_3LClOrCGDjLkp4zQ1e0g48bd", "exist_feedback": false}}, {"model": "checkout.order", "pk": 49, "fields": {"user_profile": null, "order_number": "6A1D62530C6F4E3AB2D72F8AC40CA3B8", "full_name": "Jose Renito Guide", "email": "renitoguide@outlook.com", "phone_number": "+447397338032", "country": "AX", "postcode": "1150-281", "town_or_city": "Lisboa", "street_address1": "Basement Flat, 103 London Road", "street_address2": null, "county": null, "created": "2022-06-23T13:04:00.760Z", "delivery_fee": "2.00", "order_total": "4.00", "final_total": "6.00", "original_bag": "{\"12\": 2}", "stripe_pid": "pi_3LDph5CGDjLkp4zQ1YEEg1Yv", "exist_feedback": false}}, {"model": "checkout.orderlineitem", "pk": 74, "fields": {"order": 46, "product": 23, "quantity": 3, "lineitem_total": "3.00"}}, {"model": "checkout.orderlineitem", "pk": 75, "fields": {"order": 47, "product": 5, "quantity": 1, "lineitem_total": "5.00"}}, {"model": "checkout.orderlineitem", "pk": 76, "fields": {"order": 47, "product": 4, "quantity": 1, "lineitem_total": "3.50"}}, {"model": "checkout.orderlineitem", "pk": 77, "fields": {"order": 48, "product": 8, "quantity": 1, "lineitem_total": "3.00"}}, {"model": "checkout.orderlineitem", "pk": 78, "fields": {"order": 48, "product": 4, "quantity": 1, "lineitem_total": "3.50"}}, {"model": "checkout.orderlineitem", "pk": 79, "fields": {"order": 49, "product": 12, "quantity": 2, "lineitem_total": "4.00"}}, {"model": "checkout.orderfeedback", "pk": 120, "fields": {"order": 46, "like": true, "dislike": false}}, {"model": "checkout.orderfeedback", "pk": 122, "fields": {"order": 47, "like": true, "dislike": false}}, {"model": "profiles.userprofile", "pk": 1, "fields": {"user": 9, "default_phone_number": "+447397338032", "default_town_or_city": "Lisboa", "default_street_address1": "Basement Flat, 103 London Road", "default_street_address2": "103 London Road", "default_county": "Gloucestershire", "default_country": "AX", "default_postcode": "1150-281"}}, {"model": "profiles.userprofile", "pk": 2, "fields": {"user": 10, "default_phone_number": "+447397338032", "default_town_or_city": "Lisboa", "default_street_address1": "Basement Flat, 103 London Road", "default_street_address2": null, "default_county": null, "default_country": "AG", "default_postcode": "1150-281"}}, {"model": "profiles.wishlist", "pk": 15, "fields": {"user": 2, "product": 19}}, {"model": "profiles.wishlist", "pk": 19, "fields": {"user": 2, "product": 15}}, {"model": "profiles.wishlist", "pk": 25, "fields": {"user": 2, "product": 25}}, {"model": "profiles.wishlist", "pk": 53, "fields": {"user": 1, "product": 25}}, {"model": "profiles.wishlist", "pk": 55, "fields": {"user": 1, "product": 8}}, {"model": "profiles.wishlist", "pk": 57, "fields": {"user": 1, "product": 12}}, {"model": "profiles.wishlist", "pk": 60, "fields": {"user": 1, "product": 5}}, {"model": "profiles.wishlist", "pk": 61, "fields": {"user": 1, "product": 4}}, {"model": "profiles.wishlist", "pk": 63, "fields": {"user": 2, "product": 21}}]